id,method,trial,successful,evaluationsConsumed,fitness
0,hill,0,0,300,4
1,random,0,1,21,0
2,hill,1,1,55,0
3,random,1,1,63,0
4,hill,2,0,300,4
5,random,2,0,300,1
6,hill,3,1,5,0
7,random,3,1,81,0
8,hill,4,1,259,0
9,random,4,0,300,1
10,hill,5,1,235,0
11,random,5,1,295,0
12,hill,6,1,36,0
13,random,6,0,300,4
14,hill,7,1,199,0
15,random,7,0,300,2
16,hill,8,1,115,0
17,random,8,0,300,1
18,hill,9,1,59,0
19,random,9,0,300,1
20,hill,10,1,43,0
21,random,10,0,300,1
22,hill,11,1,7,0
23,random,11,0,300,1
24,hill,12,1,15,0
25,random,12,0,300,1
26,hill,13,1,229,0
27,random,13,0,300,4
28,hill,14,0,300,4
29,random,14,0,300,1
30,hill,15,1,23,0
31,random,15,1,208,0
32,hill,16,1,61,0
33,random,16,1,97,0
34,hill,17,1,30,0
35,random,17,0,300,1
36,hill,18,0,300,4
37,random,18,0,300,1
38,hill,19,1,229,0
39,random,19,0,300,1
40,hill,20,0,300,4
41,random,20,0,300,1
42,hill,21,1,85,0
43,random,21,1,208,0
44,hill,22,1,67,0
45,random,22,0,300,1
46,hill,23,1,55,0
47,random,23,0,300,1
48,hill,24,1,85,0
49,random,24,0,300,1
50,hill,25,1,224,0
51,random,25,0,300,1
52,hill,26,1,50,0
53,random,26,1,229,0
54,hill,27,1,55,0
55,random,27,1,231,0
56,hill,28,1,157,0
57,random,28,0,300,1
58,hill,29,1,73,0
59,random,29,0,300,1
60,hill,30,0,300,1
61,random,30,1,217,0
62,hill,31,1,86,0
63,random,31,0,300,1
64,hill,32,1,289,0
65,random,32,1,160,0
66,hill,33,1,249,0
67,random,33,0,300,1
68,hill,34,1,193,0
69,random,34,0,300,1
70,hill,35,0,300,1
71,random,35,0,300,1
72,hill,36,1,37,0
73,random,36,0,300,2
74,hill,37,0,300,5
75,random,37,0,300,1
76,hill,38,1,157,0
77,random,38,0,300,1
78,hill,39,1,10,0
79,random,39,0,300,4
80,hill,40,1,205,0
81,random,40,0,300,1
82,hill,41,0,300,4
83,random,41,0,300,1
84,hill,42,0,300,4
85,random,42,0,300,1
86,hill,43,0,300,1
87,random,43,0,300,1
88,hill,44,1,41,0
89,random,44,0,300,1
90,hill,45,1,232,0
91,random,45,1,16,0
92,hill,46,1,98,0
93,random,46,0,300,1
94,hill,47,1,49,0
95,random,47,0,300,1
96,hill,48,1,73,0
97,random,48,0,300,1
98,hill,49,1,31,0
99,random,49,0,300,1
100,hill,50,1,43,0
101,random,50,0,300,1
102,hill,51,0,300,4
103,random,51,1,71,0
104,hill,52,1,121,0
105,random,52,0,300,1
106,hill,53,1,67,0
107,random,53,0,300,1
108,hill,54,1,124,0
109,random,54,0,300,1
110,hill,55,1,18,0
111,random,55,0,300,1
112,hill,56,0,300,4
113,random,56,0,300,1
114,hill,57,1,88,0
115,random,57,0,300,1
116,hill,58,0,300,1
117,random,58,1,2,0
118,hill,59,1,79,0
119,random,59,0,300,1
120,hill,60,1,44,0
121,random,60,0,300,2
122,hill,61,1,139,0
123,random,61,0,300,1
124,hill,62,1,38,0
125,random,62,0,300,1
126,hill,63,1,145,0
127,random,63,0,300,1
128,hill,64,1,151,0
129,random,64,0,300,1
130,hill,65,1,26,0
131,random,65,0,300,1
132,hill,66,1,54,0
133,random,66,0,300,1
134,hill,67,1,200,0
135,random,67,0,300,1
136,hill,68,0,300,1
137,random,68,1,150,0
138,hill,69,1,49,0
139,random,69,1,190,0
140,hill,70,1,29,0
141,random,70,1,142,0
142,hill,71,1,163,0
143,random,71,0,300,1
144,hill,72,1,111,0
145,random,72,0,300,1
146,hill,73,1,121,0
147,random,73,0,300,1
148,hill,74,1,117,0
149,random,74,0,300,4
150,hill,75,1,141,0
151,random,75,0,300,1
152,hill,76,1,65,0
153,random,76,0,300,1
154,hill,77,0,300,1
155,random,77,0,300,1
156,hill,78,0,300,4
157,random,78,0,300,1
158,hill,79,1,73,0
159,random,79,0,300,1
160,hill,80,0,300,4
161,random,80,0,300,1
162,hill,81,0,300,4
163,random,81,0,300,4
164,hill,82,1,16,0
165,random,82,0,300,1
166,hill,83,0,300,4
167,random,83,1,194,0
168,hill,84,1,37,0
169,random,84,0,300,1
170,hill,85,0,300,4
171,random,85,0,300,1
172,hill,86,1,79,0
173,random,86,0,300,1
174,hill,87,0,300,5
175,random,87,0,300,1
176,hill,88,0,300,5
177,random,88,0,300,1
178,hill,89,1,67,0
179,random,89,0,300,1
180,hill,90,1,62,0
181,random,90,1,207,0
182,hill,91,1,147,0
183,random,91,0,300,1
184,hill,92,1,103,0
185,random,92,0,300,1
186,hill,93,1,49,0
187,random,93,0,300,1
188,hill,94,0,300,4
189,random,94,0,300,1
190,hill,95,1,169,0
191,random,95,0,300,1
192,hill,96,1,295,0
193,random,96,0,300,1
194,hill,97,1,85,0
195,random,97,0,300,1
196,hill,98,1,181,0
197,random,98,0,300,1
198,hill,99,1,31,0
199,random,99,0,300,2
200,hill,100,1,241,0
201,random,100,0,300,1
202,hill,101,0,300,4
203,random,101,0,300,1
204,hill,102,0,300,4
205,random,102,1,43,0
206,hill,103,0,300,4
207,random,103,0,300,1
208,hill,104,1,247,0
209,random,104,0,300,4
210,hill,105,1,200,0
211,random,105,1,71,0
212,hill,106,1,157,0
213,random,106,0,300,1
214,hill,107,0,300,4
215,random,107,1,147,0
216,hill,108,0,300,1
217,random,108,0,300,4
218,hill,109,1,283,0
219,random,109,0,300,1
220,hill,110,1,199,0
221,random,110,0,300,1
222,hill,111,1,53,0
223,random,111,1,119,0
224,hill,112,1,71,0
225,random,112,0,300,1
226,hill,113,1,145,0
227,random,113,0,300,1
228,hill,114,1,170,0
229,random,114,0,300,1
230,hill,115,1,102,0
231,random,115,0,300,1
232,hill,116,1,49,0
233,random,116,0,300,1
234,hill,117,1,58,0
235,random,117,0,300,1
236,hill,118,1,49,0
237,random,118,0,300,4
238,hill,119,1,247,0
239,random,119,0,300,1
240,hill,120,1,73,0
241,random,120,0,300,2
242,hill,121,1,55,0
243,random,121,0,300,1
244,hill,122,1,12,0
245,random,122,0,300,1
246,hill,123,1,115,0
247,random,123,1,192,0
248,hill,124,1,163,0
249,random,124,1,69,0
250,hill,125,0,300,1
251,random,125,0,300,1
252,hill,126,1,97,0
253,random,126,0,300,1
254,hill,127,0,300,5
255,random,127,0,300,1
256,hill,128,1,61,0
257,random,128,0,300,1
258,hill,129,1,67,0
259,random,129,0,300,1
260,hill,130,1,133,0
261,random,130,0,300,1
262,hill,131,1,193,0
263,random,131,1,252,0
264,hill,132,1,24,0
265,random,132,0,300,1
266,hill,133,1,43,0
267,random,133,0,300,1
268,hill,134,1,109,0
269,random,134,0,300,1
270,hill,135,1,58,0
271,random,135,0,300,4
272,hill,136,1,123,0
273,random,136,0,300,1
274,hill,137,1,157,0
275,random,137,1,240,0
276,hill,138,1,105,0
277,random,138,1,203,0
278,hill,139,0,300,4
279,random,139,0,300,1
280,hill,140,1,103,0
281,random,140,0,300,1
282,hill,141,0,300,5
283,random,141,0,300,1
284,hill,142,1,25,0
285,random,142,0,300,1
286,hill,143,1,177,0
287,random,143,0,300,1
288,hill,144,1,139,0
289,random,144,0,300,4
290,hill,145,1,55,0
291,random,145,0,300,1
292,hill,146,1,85,0
293,random,146,0,300,1
294,hill,147,1,23,0
295,random,147,0,300,1
296,hill,148,0,300,5
297,random,148,0,300,1
298,hill,149,0,300,5
299,random,149,0,300,1
300,hill,150,1,187,0
301,random,150,0,300,1
302,hill,151,0,300,6
303,random,151,1,29,0
304,hill,152,1,157,0
305,random,152,0,300,1
306,hill,153,0,300,4
307,random,153,0,300,1
308,hill,154,1,25,0
309,random,154,0,300,1
310,hill,155,1,85,0
311,random,155,0,300,2
312,hill,156,1,97,0
313,random,156,0,300,1
314,hill,157,1,220,0
315,random,157,1,214,0
316,hill,158,1,49,0
317,random,158,0,300,1
318,hill,159,1,187,0
319,random,159,1,188,0
320,hill,160,1,181,0
321,random,160,0,300,1
322,hill,161,1,171,0
323,random,161,0,300,1
324,hill,162,1,62,0
325,random,162,0,300,1
326,hill,163,1,103,0
327,random,163,0,300,1
328,hill,164,1,205,0
329,random,164,1,12,0
330,hill,165,0,300,4
331,random,165,0,300,1
332,hill,166,1,43,0
333,random,166,1,232,0
334,hill,167,0,300,1
335,random,167,0,300,1
336,hill,168,0,300,6
337,random,168,0,300,4
338,hill,169,1,175,0
339,random,169,0,300,1
340,hill,170,1,36,0
341,random,170,0,300,1
342,hill,171,1,145,0
343,random,171,0,300,1
344,hill,172,1,198,0
345,random,172,0,300,1
346,hill,173,0,300,1
347,random,173,0,300,1
348,hill,174,1,186,0
349,random,174,0,300,1
350,hill,175,0,300,4
351,random,175,0,300,1
352,hill,176,0,300,4
353,random,176,1,141,0
354,hill,177,0,300,4
355,random,177,0,300,1
356,hill,178,1,283,0
357,random,178,0,300,1
358,hill,179,1,67,0
359,random,179,0,300,1
360,hill,180,1,115,0
361,random,180,0,300,1
362,hill,181,1,85,0
363,random,181,0,300,1
364,hill,182,1,169,0
365,random,182,0,300,1
366,hill,183,0,300,1
367,random,183,0,300,1
368,hill,184,1,64,0
369,random,184,0,300,1
370,hill,185,1,175,0
371,random,185,0,300,1
372,hill,186,0,300,6
373,random,186,0,300,1
374,hill,187,0,300,1
375,random,187,1,217,0
376,hill,188,1,115,0
377,random,188,0,300,1
378,hill,189,1,131,0
379,random,189,1,41,0
380,hill,190,1,289,0
381,random,190,0,300,1
382,hill,191,1,37,0
383,random,191,0,300,1
384,hill,192,1,151,0
385,random,192,0,300,1
386,hill,193,1,103,0
387,random,193,1,281,0
388,hill,194,0,300,4
389,random,194,1,74,0
390,hill,195,1,229,0
391,random,195,0,300,1
392,hill,196,1,49,0
393,random,196,1,4,0
394,hill,197,1,37,0
395,random,197,0,300,1
396,hill,198,1,37,0
397,random,198,0,300,1
398,hill,199,1,247,0
399,random,199,0,300,1
400,hill,200,1,30,0
401,random,200,0,300,1
402,hill,201,1,181,0
403,random,201,0,300,2
404,hill,202,1,181,0
405,random,202,0,300,1
406,hill,203,1,176,0
407,random,203,0,300,1
408,hill,204,1,43,0
409,random,204,0,300,1
410,hill,205,1,76,0
411,random,205,0,300,1
412,hill,206,1,88,0
413,random,206,0,300,1
414,hill,207,1,35,0
415,random,207,0,300,1
416,hill,208,1,229,0
417,random,208,1,44,0
418,hill,209,1,28,0
419,random,209,0,300,1
420,hill,210,0,300,1
421,random,210,0,300,1
422,hill,211,1,206,0
423,random,211,0,300,1
424,hill,212,1,157,0
425,random,212,0,300,4
426,hill,213,1,61,0
427,random,213,0,300,1
428,hill,214,0,300,1
429,random,214,0,300,1
430,hill,215,1,283,0
431,random,215,1,36,0
432,hill,216,1,175,0
433,random,216,1,209,0
434,hill,217,0,300,4
435,random,217,0,300,1
436,hill,218,1,91,0
437,random,218,1,207,0
438,hill,219,1,67,0
439,random,219,1,90,0
440,hill,220,1,184,0
441,random,220,0,300,1
442,hill,221,1,187,0
443,random,221,0,300,4
444,hill,222,0,300,5
445,random,222,0,300,1
446,hill,223,1,99,0
447,random,223,0,300,1
448,hill,224,1,51,0
449,random,224,0,300,1
450,hill,225,1,54,0
451,random,225,1,291,0
452,hill,226,1,57,0
453,random,226,0,300,2
454,hill,227,1,219,0
455,random,227,1,197,0
456,hill,228,1,205,0
457,random,228,0,300,1
458,hill,229,1,85,0
459,random,229,0,300,1
460,hill,230,1,133,0
461,random,230,1,156,0
462,hill,231,1,115,0
463,random,231,0,300,1
464,hill,232,1,55,0
465,random,232,1,197,0
466,hill,233,1,73,0
467,random,233,0,300,1
468,hill,234,1,191,0
469,random,234,1,80,0
470,hill,235,0,300,5
471,random,235,1,162,0
472,hill,236,1,67,0
473,random,236,1,165,0
474,hill,237,1,68,0
475,random,237,1,31,0
476,hill,238,1,103,0
477,random,238,0,300,1
478,hill,239,1,103,0
479,random,239,0,300,1
480,hill,240,1,55,0
481,random,240,0,300,1
482,hill,241,0,300,6
483,random,241,0,300,1
484,hill,242,1,241,0
485,random,242,0,300,1
486,hill,243,1,55,0
487,random,243,0,300,1
488,hill,244,0,300,4
489,random,244,0,300,1
490,hill,245,1,103,0
491,random,245,1,50,0
492,hill,246,1,198,0
493,random,246,0,300,1
494,hill,247,1,163,0
495,random,247,1,86,0
496,hill,248,1,181,0
497,random,248,0,300,1
498,hill,249,0,300,1
499,random,249,1,254,0
500,hill,250,0,300,5
501,random,250,0,300,1
502,hill,251,1,67,0
503,random,251,0,300,1
504,hill,252,1,61,0
505,random,252,0,300,4
506,hill,253,1,55,0
507,random,253,1,102,0
508,hill,254,1,35,0
509,random,254,0,300,1
510,hill,255,1,157,0
511,random,255,1,227,0
512,hill,256,1,79,0
513,random,256,0,300,1
514,hill,257,1,62,0
515,random,257,0,300,1
516,hill,258,1,129,0
517,random,258,0,300,1
518,hill,259,1,164,0
519,random,259,0,300,1
520,hill,260,1,73,0
521,random,260,0,300,1
522,hill,261,1,47,0
523,random,261,1,177,0
524,hill,262,1,61,0
525,random,262,0,300,1
526,hill,263,1,36,0
527,random,263,0,300,1
528,hill,264,0,300,4
529,random,264,0,300,1
530,hill,265,1,43,0
531,random,265,0,300,1
532,hill,266,1,73,0
533,random,266,1,269,0
534,hill,267,1,13,0
535,random,267,0,300,1
536,hill,268,1,238,0
537,random,268,0,300,1
538,hill,269,0,300,1
539,random,269,1,223,0
540,hill,270,0,300,1
541,random,270,0,300,1
542,hill,271,0,300,4
543,random,271,0,300,1
544,hill,272,1,151,0
545,random,272,0,300,1
546,hill,273,1,151,0
547,random,273,1,51,0
548,hill,274,1,49,0
549,random,274,0,300,1
550,hill,275,1,83,0
551,random,275,0,300,1
552,hill,276,1,43,0
553,random,276,0,300,1
554,hill,277,1,271,0
555,random,277,1,194,0
556,hill,278,1,55,0
557,random,278,0,300,4
558,hill,279,0,300,1
559,random,279,0,300,1
560,hill,280,1,55,0
561,random,280,1,218,0
562,hill,281,1,12,0
563,random,281,1,126,0
564,hill,282,0,300,4
565,random,282,0,300,1
566,hill,283,1,175,0
567,random,283,0,300,1
568,hill,284,1,199,0
569,random,284,0,300,1
570,hill,285,0,300,1
571,random,285,0,300,1
572,hill,286,1,73,0
573,random,286,0,300,4
574,hill,287,1,31,0
575,random,287,0,300,1
576,hill,288,1,186,0
577,random,288,1,7,0
578,hill,289,1,115,0
579,random,289,1,238,0
580,hill,290,0,300,4
581,random,290,0,300,1
582,hill,291,1,97,0
583,random,291,0,300,2
584,hill,292,1,97,0
585,random,292,0,300,1
586,hill,293,1,86,0
587,random,293,1,255,0
588,hill,294,0,300,4
589,random,294,0,300,2
590,hill,295,0,300,1
591,random,295,1,261,0
592,hill,296,1,85,0
593,random,296,0,300,1
594,hill,297,1,42,0
595,random,297,0,300,1
596,hill,298,1,48,0
597,random,298,1,123,0
598,hill,299,1,205,0
599,random,299,0,300,1
600,hill,300,1,163,0
601,random,300,0,300,1
602,hill,301,1,102,0
603,random,301,1,111,0
604,hill,302,1,247,0
605,random,302,0,300,1
606,hill,303,1,115,0
607,random,303,0,300,1
608,hill,304,1,85,0
609,random,304,1,8,0
610,hill,305,0,300,5
611,random,305,0,300,1
612,hill,306,1,283,0
613,random,306,0,300,1
614,hill,307,1,85,0
615,random,307,1,71,0
616,hill,308,1,43,0
617,random,308,0,300,1
618,hill,309,1,73,0
619,random,309,0,300,4
620,hill,310,1,49,0
621,random,310,0,300,1
622,hill,311,0,300,6
623,random,311,0,300,1
624,hill,312,1,72,0
625,random,312,0,300,1
626,hill,313,1,127,0
627,random,313,0,300,1
628,hill,314,0,300,5
629,random,314,1,250,0
630,hill,315,1,97,0
631,random,315,0,300,1
632,hill,316,0,300,4
633,random,316,0,300,4
634,hill,317,1,24,0
635,random,317,0,300,1
636,hill,318,1,25,0
637,random,318,0,300,4
638,hill,319,0,300,5
639,random,319,0,300,1
640,hill,320,1,37,0
641,random,320,0,300,1
642,hill,321,1,43,0
643,random,321,0,300,1
644,hill,322,1,145,0
645,random,322,0,300,1
646,hill,323,1,43,0
647,random,323,1,90,0
648,hill,324,1,279,0
649,random,324,0,300,1
650,hill,325,0,300,4
651,random,325,0,300,1
652,hill,326,1,205,0
653,random,326,0,300,4
654,hill,327,1,37,0
655,random,327,0,300,2
656,hill,328,1,79,0
657,random,328,1,105,0
658,hill,329,0,300,4
659,random,329,0,300,4
660,hill,330,1,67,0
661,random,330,0,300,1
662,hill,331,1,17,0
663,random,331,0,300,4
664,hill,332,1,249,0
665,random,332,0,300,1
666,hill,333,1,142,0
667,random,333,0,300,1
668,hill,334,0,300,4
669,random,334,1,134,0
670,hill,335,0,300,5
671,random,335,0,300,1
672,hill,336,1,222,0
673,random,336,1,235,0
674,hill,337,1,41,0
675,random,337,0,300,1
676,hill,338,0,300,6
677,random,338,0,300,1
678,hill,339,1,208,0
679,random,339,1,18,0
680,hill,340,0,300,1
681,random,340,0,300,1
682,hill,341,1,151,0
683,random,341,0,300,4
684,hill,342,1,193,0
685,random,342,0,300,1
686,hill,343,1,157,0
687,random,343,1,204,0
688,hill,344,1,181,0
689,random,344,0,300,1
690,hill,345,0,300,4
691,random,345,0,300,1
692,hill,346,0,300,4
693,random,346,0,300,1
694,hill,347,1,55,0
695,random,347,0,300,1
696,hill,348,1,97,0
697,random,348,0,300,1
698,hill,349,1,16,0
699,random,349,1,198,0
700,hill,350,1,55,0
701,random,350,0,300,1
702,hill,351,1,217,0
703,random,351,0,300,1
704,hill,352,1,43,0
705,random,352,0,300,1
706,hill,353,0,300,1
707,random,353,1,129,0
708,hill,354,1,79,0
709,random,354,0,300,1
710,hill,355,1,37,0
711,random,355,0,300,1
712,hill,356,1,113,0
713,random,356,0,300,1
714,hill,357,1,25,0
715,random,357,0,300,1
716,hill,358,0,300,4
717,random,358,1,30,0
718,hill,359,1,217,0
719,random,359,1,51,0
720,hill,360,1,24,0
721,random,360,0,300,1
722,hill,361,1,67,0
723,random,361,0,300,1
724,hill,362,1,133,0
725,random,362,0,300,1
726,hill,363,1,138,0
727,random,363,1,201,0
728,hill,364,1,64,0
729,random,364,0,300,1
730,hill,365,0,300,1
731,random,365,0,300,1
732,hill,366,0,300,4
733,random,366,0,300,1
734,hill,367,1,145,0
735,random,367,0,300,1
736,hill,368,1,67,0
737,random,368,0,300,1
738,hill,369,1,43,0
739,random,369,0,300,1
740,hill,370,1,43,0
741,random,370,0,300,1
742,hill,371,1,111,0
743,random,371,1,234,0
744,hill,372,0,300,5
745,random,372,0,300,1
746,hill,373,1,109,0
747,random,373,0,300,1
748,hill,374,1,6,0
749,random,374,0,300,1
750,hill,375,0,300,5
751,random,375,0,300,1
752,hill,376,0,300,4
753,random,376,0,300,4
754,hill,377,1,97,0
755,random,377,0,300,1
756,hill,378,1,97,0
757,random,378,0,300,1
758,hill,379,1,175,0
759,random,379,0,300,1
760,hill,380,1,153,0
761,random,380,0,300,1
762,hill,381,1,55,0
763,random,381,0,300,4
764,hill,382,1,61,0
765,random,382,0,300,1
766,hill,383,1,25,0
767,random,383,0,300,1
768,hill,384,0,300,4
769,random,384,0,300,1
770,hill,385,0,300,5
771,random,385,0,300,1
772,hill,386,1,109,0
773,random,386,0,300,1
774,hill,387,1,158,0
775,random,387,0,300,1
776,hill,388,1,157,0
777,random,388,0,300,4
778,hill,389,1,79,0
779,random,389,0,300,1
780,hill,390,1,85,0
781,random,390,1,103,0
782,hill,391,1,49,0
783,random,391,0,300,1
784,hill,392,1,205,0
785,random,392,1,155,0
786,hill,393,0,300,1
787,random,393,0,300,1
788,hill,394,1,73,0
789,random,394,0,300,1
790,hill,395,1,128,0
791,random,395,0,300,1
792,hill,396,1,147,0
793,random,396,0,300,1
794,hill,397,1,31,0
795,random,397,0,300,1
796,hill,398,1,97,0
797,random,398,0,300,1
798,hill,399,1,12,0
799,random,399,0,300,1
800,hill,400,1,139,0
801,random,400,0,300,1
802,hill,401,1,55,0
803,random,401,0,300,2
804,hill,402,1,47,0
805,random,402,0,300,4
806,hill,403,0,300,1
807,random,403,0,300,1
808,hill,404,1,57,0
809,random,404,0,300,1
810,hill,405,1,175,0
811,random,405,0,300,1
812,hill,406,1,39,0
813,random,406,0,300,1
814,hill,407,0,300,4
815,random,407,0,300,1
816,hill,408,1,61,0
817,random,408,1,97,0
818,hill,409,1,168,0
819,random,409,0,300,1
820,hill,410,1,66,0
821,random,410,0,300,1
822,hill,411,0,300,5
823,random,411,0,300,1
824,hill,412,1,169,0
825,random,412,0,300,1
826,hill,413,1,28,0
827,random,413,0,300,1
828,hill,414,1,265,0
829,random,414,0,300,1
830,hill,415,1,229,0
831,random,415,1,167,0
832,hill,416,1,62,0
833,random,416,0,300,2
834,hill,417,1,163,0
835,random,417,0,300,1
836,hill,418,1,181,0
837,random,418,1,136,0
838,hill,419,1,97,0
839,random,419,0,300,1
840,hill,420,1,73,0
841,random,420,0,300,1
842,hill,421,1,163,0
843,random,421,0,300,1
844,hill,422,0,300,1
845,random,422,0,300,1
846,hill,423,1,86,0
847,random,423,0,300,1
848,hill,424,0,300,1
849,random,424,1,136,0
850,hill,425,1,111,0
851,random,425,0,300,1
852,hill,426,1,91,0
853,random,426,0,300,1
854,hill,427,1,67,0
855,random,427,0,300,1
856,hill,428,1,189,0
857,random,428,1,145,0
858,hill,429,1,134,0
859,random,429,0,300,1
860,hill,430,0,300,1
861,random,430,0,300,1
862,hill,431,1,25,0
863,random,431,0,300,1
864,hill,432,1,121,0
865,random,432,0,300,1
866,hill,433,0,300,5
867,random,433,0,300,1
868,hill,434,1,41,0
869,random,434,0,300,1
870,hill,435,1,67,0
871,random,435,0,300,1
872,hill,436,0,300,1
873,random,436,1,261,0
874,hill,437,1,91,0
875,random,437,0,300,1
876,hill,438,1,181,0
877,random,438,0,300,1
878,hill,439,1,68,0
879,random,439,0,300,1
880,hill,440,1,140,0
881,random,440,0,300,1
882,hill,441,1,139,0
883,random,441,0,300,1
884,hill,442,0,300,5
885,random,442,0,300,1
886,hill,443,1,211,0
887,random,443,0,300,1
888,hill,444,1,75,0
889,random,444,0,300,1
890,hill,445,0,300,4
891,random,445,1,61,0
892,hill,446,1,59,0
893,random,446,0,300,1
894,hill,447,1,12,0
895,random,447,0,300,4
896,hill,448,1,8,0
897,random,448,0,300,1
898,hill,449,1,61,0
899,random,449,0,300,1
900,hill,450,1,31,0
901,random,450,0,300,1
902,hill,451,1,37,0
903,random,451,1,47,0
904,hill,452,1,35,0
905,random,452,0,300,1
906,hill,453,1,187,0
907,random,453,0,300,1
908,hill,454,0,300,6
909,random,454,0,300,1
910,hill,455,1,5,0
911,random,455,1,103,0
912,hill,456,1,27,0
913,random,456,0,300,1
914,hill,457,0,300,4
915,random,457,1,14,0
916,hill,458,1,77,0
917,random,458,0,300,1
918,hill,459,1,103,0
919,random,459,0,300,1
920,hill,460,1,173,0
921,random,460,0,300,1
922,hill,461,1,271,0
923,random,461,0,300,1
924,hill,462,1,43,0
925,random,462,0,300,1
926,hill,463,0,300,5
927,random,463,0,300,1
928,hill,464,0,300,6
929,random,464,0,300,2
930,hill,465,1,163,0
931,random,465,1,165,0
932,hill,466,1,67,0
933,random,466,0,300,1
934,hill,467,1,163,0
935,random,467,0,300,1
936,hill,468,1,17,0
937,random,468,0,300,1
938,hill,469,1,109,0
939,random,469,0,300,1
940,hill,470,1,283,0
941,random,470,0,300,1
942,hill,471,1,57,0
943,random,471,0,300,1
944,hill,472,1,67,0
945,random,472,1,97,0
946,hill,473,1,85,0
947,random,473,1,31,0
948,hill,474,1,60,0
949,random,474,0,300,1
950,hill,475,1,55,0
951,random,475,0,300,1
952,hill,476,1,85,0
953,random,476,0,300,2
954,hill,477,1,82,0
955,random,477,0,300,1
956,hill,478,0,300,4
957,random,478,0,300,1
958,hill,479,1,145,0
959,random,479,0,300,1
960,hill,480,1,106,0
961,random,480,0,300,1
962,hill,481,1,35,0
963,random,481,0,300,4
964,hill,482,1,157,0
965,random,482,0,300,1
966,hill,483,0,300,4
967,random,483,0,300,1
968,hill,484,0,300,4
969,random,484,0,300,1
970,hill,485,1,70,0
971,random,485,0,300,1
972,hill,486,0,300,5
973,random,486,0,300,1
974,hill,487,1,91,0
975,random,487,0,300,1
976,hill,488,0,300,4
977,random,488,1,75,0
978,hill,489,1,67,0
979,random,489,0,300,1
980,hill,490,1,151,0
981,random,490,1,115,0
982,hill,491,1,109,0
983,random,491,1,104,0
984,hill,492,0,300,5
985,random,492,1,32,0
986,hill,493,0,300,1
987,random,493,0,300,1
988,hill,494,1,19,0
989,random,494,0,300,1
990,hill,495,1,195,0
991,random,495,0,300,1
992,hill,496,1,109,0
993,random,496,0,300,1
994,hill,497,1,217,0
995,random,497,0,300,1
996,hill,498,0,300,6
997,random,498,0,300,1
998,hill,499,1,165,0
999,random,499,0,300,1
1000,hill,500,0,300,1
1001,random,500,1,148,0
1002,hill,501,1,181,0
1003,random,501,0,300,1
1004,hill,502,0,300,1
1005,random,502,0,300,1
1006,hill,503,1,11,0
1007,random,503,1,207,0
1008,hill,504,1,58,0
1009,random,504,0,300,1
1010,hill,505,1,56,0
1011,random,505,0,300,1
1012,hill,506,1,277,0
1013,random,506,0,300,1
1014,hill,507,1,43,0
1015,random,507,0,300,4
1016,hill,508,1,39,0
1017,random,508,0,300,1
1018,hill,509,1,144,0
1019,random,509,0,300,1
1020,hill,510,1,219,0
1021,random,510,0,300,1
1022,hill,511,0,300,4
1023,random,511,0,300,1
1024,hill,512,1,157,0
1025,random,512,1,232,0
1026,hill,513,0,300,5
1027,random,513,0,300,1
1028,hill,514,1,97,0
1029,random,514,0,300,1
1030,hill,515,1,254,0
1031,random,515,0,300,1
1032,hill,516,1,206,0
1033,random,516,1,11,0
1034,hill,517,0,300,6
1035,random,517,1,173,0
1036,hill,518,1,70,0
1037,random,518,1,78,0
1038,hill,519,1,175,0
1039,random,519,0,300,1
1040,hill,520,0,300,1
1041,random,520,0,300,1
1042,hill,521,1,163,0
1043,random,521,0,300,1
1044,hill,522,1,139,0
1045,random,522,0,300,1
1046,hill,523,1,91,0
1047,random,523,0,300,1
1048,hill,524,0,300,4
1049,random,524,0,300,1
1050,hill,525,1,147,0
1051,random,525,0,300,1
1052,hill,526,1,103,0
1053,random,526,0,300,1
1054,hill,527,1,50,0
1055,random,527,0,300,1
1056,hill,528,1,150,0
1057,random,528,0,300,1
1058,hill,529,0,300,5
1059,random,529,1,296,0
1060,hill,530,1,182,0
1061,random,530,0,300,1
1062,hill,531,1,109,0
1063,random,531,1,61,0
1064,hill,532,0,300,4
1065,random,532,0,300,1
1066,hill,533,1,151,0
1067,random,533,1,55,0
1068,hill,534,0,300,5
1069,random,534,0,300,4
1070,hill,535,1,145,0
1071,random,535,0,300,1
1072,hill,536,1,44,0
1073,random,536,0,300,1
1074,hill,537,1,29,0
1075,random,537,0,300,1
1076,hill,538,1,107,0
1077,random,538,0,300,1
1078,hill,539,1,81,0
1079,random,539,0,300,1
1080,hill,540,0,300,5
1081,random,540,0,300,1
1082,hill,541,1,109,0
1083,random,541,0,300,1
1084,hill,542,1,205,0
1085,random,542,0,300,1
1086,hill,543,1,73,0
1087,random,543,0,300,1
1088,hill,544,1,61,0
1089,random,544,1,177,0
1090,hill,545,0,300,5
1091,random,545,1,256,0
1092,hill,546,0,300,4
1093,random,546,0,300,1
1094,hill,547,0,300,5
1095,random,547,0,300,1
1096,hill,548,0,300,5
1097,random,548,0,300,1
1098,hill,549,1,61,0
1099,random,549,1,65,0
1100,hill,550,1,98,0
1101,random,550,0,300,1
1102,hill,551,1,80,0
1103,random,551,0,300,1
1104,hill,552,0,300,6
1105,random,552,0,300,1
1106,hill,553,1,173,0
1107,random,553,0,300,1
1108,hill,554,1,73,0
1109,random,554,0,300,1
1110,hill,555,0,300,4
1111,random,555,1,53,0
1112,hill,556,1,67,0
1113,random,556,0,300,1
1114,hill,557,1,127,0
1115,random,557,0,300,1
1116,hill,558,1,49,0
1117,random,558,0,300,1
1118,hill,559,1,48,0
1119,random,559,1,17,0
1120,hill,560,1,37,0
1121,random,560,1,134,0
1122,hill,561,1,169,0
1123,random,561,0,300,4
1124,hill,562,1,265,0
1125,random,562,0,300,1
1126,hill,563,0,300,4
1127,random,563,1,281,0
1128,hill,564,1,97,0
1129,random,564,1,81,0
1130,hill,565,0,300,4
1131,random,565,0,300,1
1132,hill,566,0,300,4
1133,random,566,0,300,1
1134,hill,567,1,43,0
1135,random,567,0,300,1
1136,hill,568,1,226,0
1137,random,568,0,300,1
1138,hill,569,1,29,0
1139,random,569,0,300,1
1140,hill,570,0,300,4
1141,random,570,0,300,1
1142,hill,571,0,300,5
1143,random,571,0,300,1
1144,hill,572,1,187,0
1145,random,572,1,186,0
1146,hill,573,0,300,1
1147,random,573,1,48,0
1148,hill,574,1,133,0
1149,random,574,1,46,0
1150,hill,575,0,300,4
1151,random,575,0,300,1
1152,hill,576,0,300,1
1153,random,576,1,209,0
1154,hill,577,1,217,0
1155,random,577,0,300,1
1156,hill,578,0,300,5
1157,random,578,0,300,1
1158,hill,579,1,85,0
1159,random,579,0,300,1
1160,hill,580,1,169,0
1161,random,580,1,213,0
1162,hill,581,1,188,0
1163,random,581,0,300,4
1164,hill,582,0,300,4
1165,random,582,0,300,1
1166,hill,583,1,169,0
1167,random,583,0,300,1
1168,hill,584,1,289,0
1169,random,584,0,300,1
1170,hill,585,1,30,0
1171,random,585,0,300,1
1172,hill,586,1,43,0
1173,random,586,1,56,0
1174,hill,587,1,73,0
1175,random,587,0,300,1
1176,hill,588,1,97,0
1177,random,588,0,300,1
1178,hill,589,1,169,0
1179,random,589,0,300,1
1180,hill,590,0,300,4
1181,random,590,1,58,0
1182,hill,591,1,162,0
1183,random,591,1,171,0
1184,hill,592,1,151,0
1185,random,592,0,300,1
1186,hill,593,1,79,0
1187,random,593,0,300,1
1188,hill,594,1,79,0
1189,random,594,0,300,1
1190,hill,595,1,91,0
1191,random,595,0,300,1
1192,hill,596,1,86,0
1193,random,596,0,300,1
1194,hill,597,1,50,0
1195,random,597,0,300,4
1196,hill,598,1,199,0
1197,random,598,0,300,1
1198,hill,599,1,81,0
1199,random,599,0,300,1
1200,hill,600,1,129,0
1201,random,600,0,300,1
1202,hill,601,0,300,4
1203,random,601,0,300,1
1204,hill,602,1,55,0
1205,random,602,0,300,1
1206,hill,603,1,174,0
1207,random,603,0,300,1
1208,hill,604,1,67,0
1209,random,604,0,300,1
1210,hill,605,1,264,0
1211,random,605,0,300,1
1212,hill,606,0,300,1
1213,random,606,0,300,1
1214,hill,607,1,139,0
1215,random,607,0,300,1
1216,hill,608,0,300,4
1217,random,608,1,135,0
1218,hill,609,1,267,0
1219,random,609,1,262,0
1220,hill,610,0,300,4
1221,random,610,0,300,1
1222,hill,611,1,133,0
1223,random,611,0,300,1
1224,hill,612,1,175,0
1225,random,612,0,300,1
1226,hill,613,1,266,0
1227,random,613,1,70,0
1228,hill,614,0,300,4
1229,random,614,0,300,2
1230,hill,615,1,31,0
1231,random,615,0,300,1
1232,hill,616,0,300,4
1233,random,616,0,300,1
1234,hill,617,0,300,6
1235,random,617,0,300,1
1236,hill,618,1,93,0
1237,random,618,1,21,0
1238,hill,619,1,4,0
1239,random,619,0,300,1
1240,hill,620,1,69,0
1241,random,620,0,300,1
1242,hill,621,1,115,0
1243,random,621,0,300,1
1244,hill,622,1,62,0
1245,random,622,0,300,1
1246,hill,623,1,61,0
1247,random,623,0,300,1
1248,hill,624,1,259,0
1249,random,624,0,300,1
1250,hill,625,0,300,5
1251,random,625,0,300,1
1252,hill,626,0,300,5
1253,random,626,0,300,1
1254,hill,627,1,49,0
1255,random,627,0,300,1
1256,hill,628,1,271,0
1257,random,628,0,300,1
1258,hill,629,0,300,4
1259,random,629,0,300,1
1260,hill,630,0,300,4
1261,random,630,0,300,1
1262,hill,631,1,54,0
1263,random,631,0,300,1
1264,hill,632,1,49,0
1265,random,632,1,2,0
1266,hill,633,1,45,0
1267,random,633,0,300,1
1268,hill,634,0,300,4
1269,random,634,0,300,1
1270,hill,635,1,222,0
1271,random,635,0,300,1
1272,hill,636,1,145,0
1273,random,636,0,300,1
1274,hill,637,1,40,0
1275,random,637,0,300,1
1276,hill,638,1,19,0
1277,random,638,0,300,1
1278,hill,639,0,300,4
1279,random,639,0,300,1
1280,hill,640,1,187,0
1281,random,640,0,300,4
1282,hill,641,1,72,0
1283,random,641,0,300,1
1284,hill,642,1,102,0
1285,random,642,0,300,2
1286,hill,643,1,121,0
1287,random,643,0,300,1
1288,hill,644,1,55,0
1289,random,644,0,300,1
1290,hill,645,1,163,0
1291,random,645,1,50,0
1292,hill,646,1,205,0
1293,random,646,0,300,1
1294,hill,647,0,300,4
1295,random,647,0,300,1
1296,hill,648,1,19,0
1297,random,648,1,119,0
1298,hill,649,1,61,0
1299,random,649,0,300,1
1300,hill,650,0,300,5
1301,random,650,0,300,1
1302,hill,651,1,31,0
1303,random,651,0,300,1
1304,hill,652,1,209,0
1305,random,652,0,300,1
1306,hill,653,1,103,0
1307,random,653,1,237,0
1308,hill,654,1,122,0
1309,random,654,0,300,1
1310,hill,655,0,300,5
1311,random,655,0,300,1
1312,hill,656,1,55,0
1313,random,656,0,300,1
1314,hill,657,1,43,0
1315,random,657,1,139,0
1316,hill,658,0,300,1
1317,random,658,0,300,1
1318,hill,659,0,300,4
1319,random,659,0,300,1
1320,hill,660,1,55,0
1321,random,660,0,300,1
1322,hill,661,0,300,4
1323,random,661,1,141,0
1324,hill,662,1,67,0
1325,random,662,0,300,1
1326,hill,663,1,37,0
1327,random,663,1,278,0
1328,hill,664,1,188,0
1329,random,664,0,300,1
1330,hill,665,0,300,5
1331,random,665,1,104,0
1332,hill,666,1,25,0
1333,random,666,0,300,1
1334,hill,667,0,300,1
1335,random,667,0,300,1
1336,hill,668,1,115,0
1337,random,668,1,117,0
1338,hill,669,1,110,0
1339,random,669,0,300,4
1340,hill,670,0,300,5
1341,random,670,1,174,0
1342,hill,671,1,19,0
1343,random,671,0,300,1
1344,hill,672,1,121,0
1345,random,672,0,300,1
1346,hill,673,1,79,0
1347,random,673,0,300,1
1348,hill,674,1,198,0
1349,random,674,0,300,1
1350,hill,675,1,217,0
1351,random,675,0,300,1
1352,hill,676,1,97,0
1353,random,676,0,300,1
1354,hill,677,1,68,0
1355,random,677,0,300,1
1356,hill,678,1,16,0
1357,random,678,0,300,1
1358,hill,679,1,79,0
1359,random,679,1,51,0
1360,hill,680,0,300,4
1361,random,680,1,133,0
1362,hill,681,1,91,0
1363,random,681,0,300,1
1364,hill,682,1,157,0
1365,random,682,0,300,1
1366,hill,683,1,139,0
1367,random,683,0,300,1
1368,hill,684,1,91,0
1369,random,684,0,300,1
1370,hill,685,1,181,0
1371,random,685,0,300,1
1372,hill,686,1,104,0
1373,random,686,0,300,1
1374,hill,687,0,300,1
1375,random,687,0,300,1
1376,hill,688,1,34,0
1377,random,688,0,300,1
1378,hill,689,0,300,5
1379,random,689,1,237,0
1380,hill,690,0,300,4
1381,random,690,0,300,1
1382,hill,691,1,46,0
1383,random,691,0,300,1
1384,hill,692,1,181,0
1385,random,692,0,300,1
1386,hill,693,0,300,1
1387,random,693,0,300,1
1388,hill,694,1,73,0
1389,random,694,0,300,1
1390,hill,695,1,97,0
1391,random,695,0,300,1
1392,hill,696,1,79,0
1393,random,696,0,300,1
1394,hill,697,0,300,1
1395,random,697,0,300,1
1396,hill,698,1,74,0
1397,random,698,0,300,1
1398,hill,699,1,85,0
1399,random,699,0,300,1
1400,hill,700,0,300,1
1401,random,700,0,300,1
1402,hill,701,1,115,0
1403,random,701,1,58,0
1404,hill,702,1,14,0
1405,random,702,0,300,1
1406,hill,703,1,217,0
1407,random,703,0,300,1
1408,hill,704,1,67,0
1409,random,704,0,300,1
1410,hill,705,1,3,0
1411,random,705,0,300,1
1412,hill,706,1,193,0
1413,random,706,1,104,0
1414,hill,707,1,247,0
1415,random,707,0,300,1
1416,hill,708,1,32,0
1417,random,708,0,300,2
1418,hill,709,1,61,0
1419,random,709,0,300,1
1420,hill,710,1,154,0
1421,random,710,0,300,1
1422,hill,711,1,55,0
1423,random,711,0,300,4
1424,hill,712,1,181,0
1425,random,712,0,300,1
1426,hill,713,1,196,0
1427,random,713,0,300,1
1428,hill,714,0,300,1
1429,random,714,0,300,1
1430,hill,715,0,300,4
1431,random,715,0,300,1
1432,hill,716,1,91,0
1433,random,716,0,300,1
1434,hill,717,1,55,0
1435,random,717,1,162,0
1436,hill,718,0,300,4
1437,random,718,1,44,0
1438,hill,719,1,118,0
1439,random,719,0,300,1
1440,hill,720,1,65,0
1441,random,720,0,300,1
1442,hill,721,1,25,0
1443,random,721,1,147,0
1444,hill,722,1,41,0
1445,random,722,0,300,4
1446,hill,723,1,61,0
1447,random,723,0,300,1
1448,hill,724,1,61,0
1449,random,724,0,300,1
1450,hill,725,1,60,0
1451,random,725,0,300,1
1452,hill,726,0,300,1
1453,random,726,0,300,1
1454,hill,727,1,37,0
1455,random,727,0,300,1
1456,hill,728,1,289,0
1457,random,728,0,300,1
1458,hill,729,1,66,0
1459,random,729,1,71,0
1460,hill,730,1,73,0
1461,random,730,0,300,4
1462,hill,731,1,91,0
1463,random,731,0,300,1
1464,hill,732,1,181,0
1465,random,732,0,300,1
1466,hill,733,1,19,0
1467,random,733,0,300,4
1468,hill,734,0,300,5
1469,random,734,0,300,1
1470,hill,735,1,103,0
1471,random,735,0,300,4
1472,hill,736,1,43,0
1473,random,736,1,186,0
1474,hill,737,1,61,0
1475,random,737,1,12,0
1476,hill,738,1,131,0
1477,random,738,0,300,4
1478,hill,739,1,127,0
1479,random,739,0,300,1
1480,hill,740,0,300,5
1481,random,740,0,300,1
1482,hill,741,1,151,0
1483,random,741,0,300,1
1484,hill,742,0,300,4
1485,random,742,0,300,4
1486,hill,743,0,300,5
1487,random,743,0,300,4
1488,hill,744,0,300,4
1489,random,744,0,300,4
1490,hill,745,1,76,0
1491,random,745,1,146,0
1492,hill,746,1,49,0
1493,random,746,1,54,0
1494,hill,747,1,31,0
1495,random,747,0,300,1
1496,hill,748,1,36,0
1497,random,748,1,226,0
1498,hill,749,1,109,0
1499,random,749,0,300,1
1500,hill,750,0,300,4
1501,random,750,0,300,1
1502,hill,751,1,31,0
1503,random,751,0,300,1
1504,hill,752,0,300,5
1505,random,752,0,300,1
1506,hill,753,1,106,0
1507,random,753,0,300,1
1508,hill,754,1,151,0
1509,random,754,0,300,1
1510,hill,755,1,61,0
1511,random,755,0,300,1
1512,hill,756,1,42,0
1513,random,756,1,1,0
1514,hill,757,0,300,4
1515,random,757,0,300,1
1516,hill,758,1,73,0
1517,random,758,0,300,4
1518,hill,759,1,77,0
1519,random,759,0,300,1
1520,hill,760,1,5,0
1521,random,760,1,148,0
1522,hill,761,1,127,0
1523,random,761,0,300,1
1524,hill,762,1,97,0
1525,random,762,1,49,0
1526,hill,763,1,241,0
1527,random,763,0,300,1
1528,hill,764,0,300,4
1529,random,764,1,236,0
1530,hill,765,1,85,0
1531,random,765,1,162,0
1532,hill,766,1,139,0
1533,random,766,1,155,0
1534,hill,767,1,42,0
1535,random,767,0,300,1
1536,hill,768,1,72,0
1537,random,768,0,300,1
1538,hill,769,1,85,0
1539,random,769,0,300,1
1540,hill,770,1,32,0
1541,random,770,1,119,0
1542,hill,771,1,27,0
1543,random,771,0,300,1
1544,hill,772,1,93,0
1545,random,772,0,300,1
1546,hill,773,1,109,0
1547,random,773,0,300,1
1548,hill,774,1,64,0
1549,random,774,0,300,1
1550,hill,775,1,264,0
1551,random,775,1,243,0
1552,hill,776,1,175,0
1553,random,776,1,5,0
1554,hill,777,1,121,0
1555,random,777,0,300,1
1556,hill,778,1,37,0
1557,random,778,1,182,0
1558,hill,779,1,145,0
1559,random,779,1,132,0
1560,hill,780,1,154,0
1561,random,780,1,134,0
1562,hill,781,1,231,0
1563,random,781,1,82,0
1564,hill,782,1,85,0
1565,random,782,1,23,0
1566,hill,783,0,300,4
1567,random,783,0,300,1
1568,hill,784,1,60,0
1569,random,784,0,300,1
1570,hill,785,1,97,0
1571,random,785,0,300,1
1572,hill,786,1,54,0
1573,random,786,0,300,1
1574,hill,787,1,91,0
1575,random,787,0,300,4
1576,hill,788,1,229,0
1577,random,788,0,300,1
1578,hill,789,1,10,0
1579,random,789,1,231,0
1580,hill,790,1,181,0
1581,random,790,0,300,1
1582,hill,791,0,300,4
1583,random,791,0,300,1
1584,hill,792,1,12,0
1585,random,792,0,300,1
1586,hill,793,1,121,0
1587,random,793,0,300,1
1588,hill,794,1,92,0
1589,random,794,1,174,0
1590,hill,795,1,119,0
1591,random,795,1,258,0
1592,hill,796,0,300,4
1593,random,796,0,300,1
1594,hill,797,1,128,0
1595,random,797,0,300,1
1596,hill,798,1,49,0
1597,random,798,0,300,1
1598,hill,799,1,31,0
1599,random,799,0,300,1
1600,hill,800,1,175,0
1601,random,800,0,300,1
1602,hill,801,1,74,0
1603,random,801,0,300,1
1604,hill,802,0,300,4
1605,random,802,1,33,0
1606,hill,803,1,217,0
1607,random,803,1,291,0
1608,hill,804,1,31,0
1609,random,804,0,300,1
1610,hill,805,1,49,0
1611,random,805,1,103,0
1612,hill,806,1,66,0
1613,random,806,0,300,1
1614,hill,807,0,300,5
1615,random,807,0,300,1
1616,hill,808,1,25,0
1617,random,808,1,230,0
1618,hill,809,0,300,1
1619,random,809,0,300,1
1620,hill,810,0,300,1
1621,random,810,0,300,4
1622,hill,811,0,300,6
1623,random,811,1,87,0
1624,hill,812,1,139,0
1625,random,812,0,300,1
1626,hill,813,1,55,0
1627,random,813,0,300,1
1628,hill,814,1,247,0
1629,random,814,0,300,1
1630,hill,815,1,152,0
1631,random,815,0,300,1
1632,hill,816,1,103,0
1633,random,816,0,300,2
1634,hill,817,1,133,0
1635,random,817,0,300,1
1636,hill,818,1,58,0
1637,random,818,0,300,1
1638,hill,819,1,259,0
1639,random,819,0,300,1
1640,hill,820,1,151,0
1641,random,820,0,300,1
1642,hill,821,1,48,0
1643,random,821,0,300,1
1644,hill,822,0,300,4
1645,random,822,1,137,0
1646,hill,823,1,259,0
1647,random,823,0,300,1
1648,hill,824,1,49,0
1649,random,824,0,300,1
1650,hill,825,1,157,0
1651,random,825,0,300,1
1652,hill,826,1,151,0
1653,random,826,0,300,4
1654,hill,827,1,45,0
1655,random,827,0,300,1
1656,hill,828,1,103,0
1657,random,828,1,141,0
1658,hill,829,1,169,0
1659,random,829,0,300,1
1660,hill,830,1,109,0
1661,random,830,1,146,0
1662,hill,831,1,94,0
1663,random,831,0,300,1
1664,hill,832,1,79,0
1665,random,832,0,300,1
1666,hill,833,1,36,0
1667,random,833,0,300,1
1668,hill,834,1,235,0
1669,random,834,0,300,1
1670,hill,835,1,53,0
1671,random,835,0,300,1
1672,hill,836,0,300,4
1673,random,836,1,257,0
1674,hill,837,1,97,0
1675,random,837,0,300,1
1676,hill,838,1,25,0
1677,random,838,1,74,0
1678,hill,839,0,300,5
1679,random,839,0,300,1
1680,hill,840,1,68,0
1681,random,840,0,300,1
1682,hill,841,1,49,0
1683,random,841,0,300,1
1684,hill,842,1,137,0
1685,random,842,0,300,1
1686,hill,843,1,68,0
1687,random,843,0,300,1
1688,hill,844,1,22,0
1689,random,844,0,300,1
1690,hill,845,1,199,0
1691,random,845,0,300,1
1692,hill,846,0,300,1
1693,random,846,0,300,1
1694,hill,847,1,42,0
1695,random,847,0,300,1
1696,hill,848,1,154,0
1697,random,848,1,224,0
1698,hill,849,0,300,1
1699,random,849,0,300,1
1700,hill,850,1,55,0
1701,random,850,0,300,1
1702,hill,851,1,26,0
1703,random,851,1,211,0
1704,hill,852,1,31,0
1705,random,852,0,300,2
1706,hill,853,1,295,0
1707,random,853,0,300,1
1708,hill,854,0,300,4
1709,random,854,1,209,0
1710,hill,855,1,133,0
1711,random,855,1,170,0
1712,hill,856,1,23,0
1713,random,856,0,300,1
1714,hill,857,1,85,0
1715,random,857,0,300,1
1716,hill,858,1,113,0
1717,random,858,0,300,2
1718,hill,859,0,300,4
1719,random,859,0,300,1
1720,hill,860,1,145,0
1721,random,860,1,75,0
1722,hill,861,1,259,0
1723,random,861,1,214,0
1724,hill,862,1,73,0
1725,random,862,0,300,1
1726,hill,863,1,172,0
1727,random,863,0,300,1
1728,hill,864,1,37,0
1729,random,864,0,300,1
1730,hill,865,0,300,4
1731,random,865,0,300,2
1732,hill,866,1,78,0
1733,random,866,0,300,1
1734,hill,867,1,66,0
1735,random,867,0,300,1
1736,hill,868,1,175,0
1737,random,868,0,300,1
1738,hill,869,0,300,5
1739,random,869,0,300,1
1740,hill,870,1,295,0
1741,random,870,1,226,0
1742,hill,871,1,43,0
1743,random,871,0,300,1
1744,hill,872,1,19,0
1745,random,872,0,300,1
1746,hill,873,1,43,0
1747,random,873,0,300,1
1748,hill,874,1,115,0
1749,random,874,0,300,1
1750,hill,875,0,300,4
1751,random,875,1,181,0
1752,hill,876,0,300,1
1753,random,876,0,300,1
1754,hill,877,0,300,4
1755,random,877,0,300,4
1756,hill,878,1,123,0
1757,random,878,1,166,0
1758,hill,879,1,85,0
1759,random,879,0,300,1
1760,hill,880,1,145,0
1761,random,880,0,300,1
1762,hill,881,0,300,4
1763,random,881,0,300,1
1764,hill,882,1,68,0
1765,random,882,0,300,1
1766,hill,883,1,175,0
1767,random,883,0,300,4
1768,hill,884,1,145,0
1769,random,884,0,300,1
1770,hill,885,1,151,0
1771,random,885,0,300,1
1772,hill,886,1,73,0
1773,random,886,0,300,1
1774,hill,887,1,241,0
1775,random,887,0,300,1
1776,hill,888,1,235,0
1777,random,888,0,300,1
1778,hill,889,1,201,0
1779,random,889,0,300,1
1780,hill,890,0,300,4
1781,random,890,0,300,2
1782,hill,891,1,31,0
1783,random,891,0,300,1
1784,hill,892,0,300,5
1785,random,892,0,300,1
1786,hill,893,1,139,0
1787,random,893,0,300,1
1788,hill,894,1,33,0
1789,random,894,0,300,1
1790,hill,895,1,72,0
1791,random,895,0,300,1
1792,hill,896,1,31,0
1793,random,896,0,300,1
1794,hill,897,1,85,0
1795,random,897,0,300,1
1796,hill,898,1,82,0
1797,random,898,1,15,0
1798,hill,899,1,193,0
1799,random,899,1,199,0
1800,hill,900,1,139,0
1801,random,900,0,300,1
1802,hill,901,0,300,6
1803,random,901,0,300,1
1804,hill,902,1,115,0
1805,random,902,0,300,1
1806,hill,903,1,37,0
1807,random,903,0,300,1
1808,hill,904,1,145,0
1809,random,904,0,300,4
1810,hill,905,1,13,0
1811,random,905,0,300,1
1812,hill,906,1,272,0
1813,random,906,0,300,1
1814,hill,907,1,60,0
1815,random,907,0,300,1
1816,hill,908,1,25,0
1817,random,908,0,300,1
1818,hill,909,1,103,0
1819,random,909,0,300,1
1820,hill,910,1,86,0
1821,random,910,0,300,1
1822,hill,911,1,103,0
1823,random,911,1,181,0
1824,hill,912,1,160,0
1825,random,912,0,300,4
1826,hill,913,1,67,0
1827,random,913,1,189,0
1828,hill,914,1,145,0
1829,random,914,0,300,1
1830,hill,915,0,300,1
1831,random,915,0,300,1
1832,hill,916,1,255,0
1833,random,916,0,300,1
1834,hill,917,1,159,0
1835,random,917,0,300,1
1836,hill,918,1,79,0
1837,random,918,0,300,4
1838,hill,919,1,25,0
1839,random,919,0,300,1
1840,hill,920,1,97,0
1841,random,920,0,300,1
1842,hill,921,0,300,6
1843,random,921,0,300,1
1844,hill,922,1,121,0
1845,random,922,0,300,1
1846,hill,923,0,300,4
1847,random,923,0,300,1
1848,hill,924,1,23,0
1849,random,924,0,300,1
1850,hill,925,1,55,0
1851,random,925,0,300,2
1852,hill,926,1,55,0
1853,random,926,0,300,4
1854,hill,927,1,27,0
1855,random,927,0,300,4
1856,hill,928,1,160,0
1857,random,928,0,300,1
1858,hill,929,1,151,0
1859,random,929,1,120,0
1860,hill,930,1,194,0
1861,random,930,0,300,1
1862,hill,931,0,300,5
1863,random,931,1,65,0
1864,hill,932,1,139,0
1865,random,932,0,300,1
1866,hill,933,1,67,0
1867,random,933,0,300,1
1868,hill,934,1,85,0
1869,random,934,1,209,0
1870,hill,935,1,46,0
1871,random,935,1,178,0
1872,hill,936,1,181,0
1873,random,936,0,300,1
1874,hill,937,1,265,0
1875,random,937,0,300,1
1876,hill,938,1,259,0
1877,random,938,0,300,1
1878,hill,939,1,109,0
1879,random,939,0,300,1
1880,hill,940,1,193,0
1881,random,940,0,300,1
1882,hill,941,1,187,0
1883,random,941,0,300,1
1884,hill,942,0,300,5
1885,random,942,0,300,1
1886,hill,943,1,133,0
1887,random,943,0,300,1
1888,hill,944,1,115,0
1889,random,944,0,300,1
1890,hill,945,1,109,0
1891,random,945,0,300,1
1892,hill,946,1,136,0
1893,random,946,0,300,2
1894,hill,947,1,30,0
1895,random,947,0,300,1
1896,hill,948,1,91,0
1897,random,948,1,69,0
1898,hill,949,1,67,0
1899,random,949,0,300,1
1900,hill,950,1,163,0
1901,random,950,0,300,2
1902,hill,951,1,48,0
1903,random,951,1,151,0
1904,hill,952,1,72,0
1905,random,952,1,163,0
1906,hill,953,0,300,4
1907,random,953,0,300,1
1908,hill,954,1,247,0
1909,random,954,0,300,1
1910,hill,955,1,121,0
1911,random,955,1,188,0
1912,hill,956,1,127,0
1913,random,956,0,300,1
1914,hill,957,1,199,0
1915,random,957,0,300,1
1916,hill,958,1,115,0
1917,random,958,0,300,1
1918,hill,959,1,199,0
1919,random,959,0,300,1
1920,hill,960,1,283,0
1921,random,960,0,300,4
1922,hill,961,0,300,4
1923,random,961,0,300,1
1924,hill,962,1,283,0
1925,random,962,0,300,1
1926,hill,963,1,205,0
1927,random,963,0,300,1
1928,hill,964,1,55,0
1929,random,964,1,139,0
1930,hill,965,1,182,0
1931,random,965,0,300,4
1932,hill,966,0,300,4
1933,random,966,1,284,0
1934,hill,967,1,115,0
1935,random,967,0,300,1
1936,hill,968,1,156,0
1937,random,968,0,300,1
1938,hill,969,1,79,0
1939,random,969,0,300,1
1940,hill,970,0,300,4
1941,random,970,0,300,1
1942,hill,971,1,111,0
1943,random,971,1,282,0
1944,hill,972,1,206,0
1945,random,972,0,300,1
1946,hill,973,1,41,0
1947,random,973,1,43,0
1948,hill,974,1,28,0
1949,random,974,0,300,1
1950,hill,975,1,85,0
1951,random,975,0,300,4
1952,hill,976,1,277,0
1953,random,976,0,300,1
1954,hill,977,1,296,0
1955,random,977,0,300,1
1956,hill,978,1,85,0
1957,random,978,0,300,1
1958,hill,979,1,145,0
1959,random,979,0,300,1
1960,hill,980,1,85,0
1961,random,980,0,300,1
1962,hill,981,1,24,0
1963,random,981,0,300,1
1964,hill,982,0,300,4
1965,random,982,0,300,1
1966,hill,983,1,97,0
1967,random,983,1,194,0
1968,hill,984,1,114,0
1969,random,984,1,14,0
1970,hill,985,0,300,1
1971,random,985,0,300,2
1972,hill,986,1,49,0
1973,random,986,0,300,1
1974,hill,987,1,79,0
1975,random,987,0,300,1
1976,hill,988,0,300,1
1977,random,988,0,300,1
1978,hill,989,1,282,0
1979,random,989,0,300,1
1980,hill,990,1,103,0
1981,random,990,0,300,1
1982,hill,991,0,300,4
1983,random,991,1,291,0
1984,hill,992,1,85,0
1985,random,992,0,300,1
1986,hill,993,1,55,0
1987,random,993,0,300,1
1988,hill,994,1,73,0
1989,random,994,0,300,1
1990,hill,995,1,182,0
1991,random,995,1,130,0
1992,hill,996,0,300,4
1993,random,996,1,292,0
1994,hill,997,1,103,0
1995,random,997,0,300,1
1996,hill,998,0,300,1
1997,random,998,0,300,1
1998,hill,999,1,16,0
1999,random,999,1,283,0
